SetID,Primers_Included,Unadjusted_RS,Adjusted_RS,Unadjusted_PB,Adjusted_PB
Tutorial_Set_1,FP_1:RP_1,0.6666666666666666,0.6666666666666666,0.6666666666666666,0.6666666666666666
